<?xml version="1.0" encoding="utf-8"?>
<selector xmlns:android="http://schemas.android.com/apk/res/android">
    <item android:state_pressed="false">
        <layer-list>
            <!-- SHADOW -->
            <item>
                <shape>
                    <solid android:color="@color/grey"/>
                    <!-- alttan gölge -->
                    <corners android:radius="25dp"/>
                </shape>
            </item>
            <!-- BUTTON alttan gölge
              android:right="5px" to make it round-->
            <item
                android:bottom="5px"
                >
                <shape>
                    <padding android:bottom="5dp"/>

                    <gradient
                        android:startColor="@color/grey"
                        android:endColor="@color/grey"
                        android:centerColor="@color/grey"


                        android:angle="270" />
                    <corners
                        android:radius="25dp"/>
                    <padding
                        android:left="10dp"
                        android:top="10dp"
                        android:right="5dp"
                        android:bottom="10dp"/>
                </shape>
            </item>
        </layer-list>
    </item>

    <item android:state_pressed="true">
        <layer-list>
            <!-- SHADOW -->
            <item>
                <shape>
                    <solid android:color="@color/grey"/>
                    <corners android:radius="25dp"/>

                </shape>
            </item>
            <!-- BUTTON -->
            <item android:bottom="5px">
                <shape>
                    <padding android:bottom="5dp"/>
                    <gradient
                        android:startColor="@color/grey"
                        android:endColor="@color/grey"
                        android:angle="270" />
                    <corners
                        android:radius="25dp"/>
                    <padding
                        android:left="10dp"
                        android:top="10dp"
                        android:right="5dp"
                        android:bottom="10dp"/>
                </shape>
            </item>
        </layer-list>
    </item>
</selector>