<?xml version="1.0" encoding="utf-8"?>
<selector xmlns:android="http://schemas.android.com/apk/res/android">
    <item android:state_pressed="false">
        <layer-list>
            <!-- SHADOW -->
            <item>
                <shape>
                    <solid android:color="#900048" />
                    <!-- alttan gölge -->
                    <corners android:radius="19dp" />
                </shape>
            </item>
            <!-- BUTTON alttan gölge
              android:right="5px" to make it round-->
            <item android:bottom="5px">
                <shape>
                    <padding android:bottom="5dp" />

                    <gradient android:angle="270" android:centerColor="#900048" android:endColor="#900048"


                        android:startColor="#FF4057" />
                    <corners android:radius="19dp" />
                    <padding android:bottom="10dp" android:left="10dp" android:right="5dp" android:top="10dp" />
                </shape>
            </item>
        </layer-list>
    </item>

    <item android:state_pressed="true">
        <layer-list>
            <!-- SHADOW -->
            <item>
                <shape>
                    <solid android:color="#a7001c" />
                    <corners android:radius="19dp" />

                </shape>
            </item>
            <!-- BUTTON -->
            <item android:bottom="5px">
                <shape>
                    <padding android:bottom="5dp" />
                    <gradient android:angle="270" android:endColor="#a7001c" android:startColor="#a7001c" />
                    <corners android:radius="19dp" />
                    <padding android:bottom="10dp" android:left="10dp" android:right="5dp" android:top="10dp" />
                </shape>
            </item>
        </layer-list>
    </item>
</selector>