<?xml version="1.0" encoding="utf-8"?>
<layer-list xmlns:android="http://schemas.android.com/apk/res/android">
    <item>
        <shape android:shape="rectangle">
            <solid android:color="@color/greylight"/>
            <corners android:radius="20dp" />
        </shape>
    </item>

    <item
        android:left="1dp"
        android:right="1dp"
        android:top="0dp"
        android:bottom="2.5dp">
        <shape android:shape="rectangle">
            <solid android:color="@android:color/white"/>
            <corners android:radius="20dp" />
        </shape>
    </item>
</layer-list>